{
  "project_info": {
    "project_number": "424184265104",
    "project_id": "artgalleryapp-19432",
    "storage_bucket": "artgalleryapp-19432.firebasestorage.app"
  },
  "client": [
    {
      "client_info": {
        "mobilesdk_app_id": "1:424184265104:android:0a166ccd2cba29f7745b15",
        "android_client_info": {
          "package_name": "com.example.digitalartgallery"
        }
      },
      "oauth_client": [],
      "api_key": [
        {
          "current_key": "AIzaSyBiQt7f7SfCIcJbISNun2JnmREwA-JJDfI"
        }
      ],
      "services": {
        "appinvite_service": {
          "other_platform_oauth_client": []
        }
      }
    }
  ],
  "configuration_version": "1"
}