{
  "project_info": {
    "project_number": "230746692545",
    "project_id": "notificationapp-a1423",
    "storage_bucket": "notificationapp-a1423.firebasestorage.app"
  },
  "client": [
    {
      "client_info": {
        "mobilesdk_app_id": "1:230746692545:android:e7d82fe7cddce19e1e2d40",
        "android_client_info": {
          "package_name": "com.example.codealphaproject"
        }
      },
      "oauth_client": [],
      "api_key": [
        {
          "current_key": "AIzaSyDm8BxPQcKdXi-ZPMefcxbvsGoV9MLrzD0"
        }
      ],
      "services": {
        "appinvite_service": {
          "other_platform_oauth_client": []
        }
      }
    }
  ],
  "configuration_version": "1"
}